<?xml version="1.0" encoding="UTF-8"?>

<mule xmlns:metadata="http://www.mulesoft.org/schema/mule/metadata" xmlns:https="http://www.mulesoft.org/schema/mule/https" xmlns:json="http://www.mulesoft.org/schema/mule/json"
	xmlns:http="http://www.mulesoft.org/schema/mule/http" xmlns="http://www.mulesoft.org/schema/mule/core" xmlns:doc="http://www.mulesoft.org/schema/mule/documentation"
	xmlns:spring="http://www.springframework.org/schema/beans" version="EE-3.7.1"
	xmlns:xsi="http://www.w3.org/2001/XMLSchema-instance"
	xsi:schemaLocation="http://www.mulesoft.org/schema/mule/json http://www.mulesoft.org/schema/mule/json/current/mule-json.xsd
http://www.springframework.org/schema/beans http://www.springframework.org/schema/beans/spring-beans-current.xsd
http://www.mulesoft.org/schema/mule/core http://www.mulesoft.org/schema/mule/core/current/mule.xsd
http://www.mulesoft.org/schema/mule/http http://www.mulesoft.org/schema/mule/http/current/mule-http.xsd
http://www.mulesoft.org/schema/mule/https http://www.mulesoft.org/schema/mule/https/current/mule-https.xsd">
    <flow name="leagues-oauth-appFlow">
        <http:listener config-ref="HTTP-Listener" path="/application/login" parseRequest="false" doc:name="HTTPS"/>
        <logger message="#['Request authorization: ' + message]" level="INFO" doc:name="Logger"/>
        <expression-component doc:name="Create Authorize URI"><![CDATA[scope="TEAM-READ READ";
scope_param = message.inboundProperties['http.query.params'].get('scope');
if (scope_param != null) {
  scope = scope_param;
}
flowVars.login_uri='https://${oas.host}/authorize?response_type=code&scope=' + scope + '&client_id=${app.client_id}&redirect_uri=' 
+ message.inboundProperties['http.scheme'] + '://' 
+ message.inboundProperties['host'] + '/application/authorization-response';]]></expression-component>
        <logger message="#['Redirect to login uri: ' + flowVars.login_uri]" level="INFO" doc:name="Logger"/>
        <message-properties-transformer doc:name="Message Properties">
            <add-message-property key="http.status" value="302"/>
            <add-message-property key="Location" value="#[flowVars.login_uri]"/>
        </message-properties-transformer>
        <set-payload value="#['Redirect to: '+ flowVars.login_uri]" doc:name="Set Payload"/>
<!-- 		<http:response-builder status="302" -->
<!-- 			doc:name="Redirect to Authorize URI"> -->
<!-- 			<http:location -->
<!-- 				value="#[flowVars.login_uri]" /> -->
<!-- 		</http:response-builder> -->
    </flow>
    
    <flow name="leagues-oauth-authorization-code">
        <http:listener config-ref="HTTP-Listener" path="/application/authorization-response" parseRequest="false" doc:name="HTTPS"/>
        <logger message="#['Authorization response: ' + message + '\n' + payload]" level="INFO" doc:name="Logger"/>
		<expression-component doc:name="Create access token url"><![CDATA[flowVars['tokenQuery'] = 'access-token?grant_type=authorization_code&code='
+ message.inboundProperties['http.query.params']['code']+'&client_id=${app.client_id}&client_secret=${app.client_secret}&redirect_uri=' 
+ message.inboundProperties['http.scheme'] + '://' + message.inboundProperties['host'] + '/application/authorization-response']]></expression-component>
		<https:outbound-endpoint exchange-pattern="request-response"
			host="${oas.host}" port="443" path="#[tokenQuery]"
			method="GET" doc:name="Get Access token"/>
        <logger message="#[message]" level="INFO" doc:name="Logger"/>
        <logger message="#[payload]" level="INFO" doc:name="Logger"/>
        <processor-chain doc:name="Make access_token addressable">
            <object-to-string-transformer doc:name="Object to String"/>
            <json:json-to-object-transformer returnClass="java.util.HashMap" doc:name="JSON to Map"/>
        </processor-chain>
        <logger message="#[&quot;Access token is &quot; + payload.access_token]" level="INFO" doc:name="Logger"/>
        <expression-component doc:name="Expression"><![CDATA[access_token = payload.access_token;
payload = new java.util.HashMap();
payload.put("access_token", access_token);
payload.put("oas_host", "${oas.host}");
payload.put("api_host", "${api.host}");]]></expression-component>
        <logger message="#[payload]" level="INFO" doc:name="Logger"/>
        <message-properties-transformer doc:name="Message Properties">
            <add-message-property key="Content-Type" value="text/html"/>
        </message-properties-transformer>
        <parse-template location="templates/access_token.html" doc:name="access_token.html"/>
    </flow>
    
    <flow name="leagues-oauth-resource-owner">
        <http:listener config-ref="HTTP-Listener" path="/application/resource-owner" parseRequest="false" doc:name="HTTPS"/>
        <logger message="#['Resource Owner Authentication: ' + message + '\n' + payload]" level="INFO" doc:name="Logger"/>
		<expression-component doc:name="Create access token url"><![CDATA[scope="TEAM-READ READ";
scope_param = message.inboundProperties['http.query.params'].get('scope');
if (scope_param != null) {
  scope = scope_param;
}
flowVars['tokenQuery'] = 'access-token?grant_type=password&scope=' + scope
+'&username=' + message.inboundProperties['http.query.params']['user']
+'&password=' + message.inboundProperties['http.query.params']['password']
+'&client_id=${app.client_id}&client_secret=${app.client_secret}']]></expression-component>
		<https:outbound-endpoint exchange-pattern="request-response"
			host="${oas.host}" port="443" path="#[tokenQuery]"
			method="GET" doc:name="Get Access token"/>
        <logger message="#[message]" level="INFO" doc:name="Logger"/>
        <logger message="#[payload]" level="INFO" doc:name="Logger"/>
        <processor-chain doc:name="Make access_token addressable">
            <object-to-string-transformer doc:name="Object to String"/>
            <json:json-to-object-transformer returnClass="java.util.HashMap" doc:name="JSON to Map"/>
        </processor-chain>
        <logger message="#[&quot;Access token is &quot; + payload.access_token]" level="INFO" doc:name="Logger"/>
        <expression-component doc:name="Expression"><![CDATA[access_token = payload.access_token;
payload = new java.util.HashMap();
payload.put("access_token", access_token);
payload.put("oas_host", "${oas.host}");
payload.put("api_host", "${api.host}");]]></expression-component>
        <logger message="#[payload]" level="INFO" doc:name="Logger"/>
        <message-properties-transformer doc:name="Message Properties">
            <add-message-property key="Content-Type" value="text/html"/>
        </message-properties-transformer>
        <parse-template location="templates/access_token.html" doc:name="access_token.html"/>
    </flow>
    
    <flow name="leagues-oauth-client-credentials">
        <http:listener config-ref="HTTP-Listener" path="/application/client-credentials" parseRequest="false" doc:name="HTTPS"/>
        <logger message="#['Resource Owner Authentication: ' + message + '\n' + payload]" level="INFO" doc:name="Logger"/>
		<expression-component doc:name="Create access token url"><![CDATA[scope="TEAM-READ READ";
scope_param = message.inboundProperties['http.query.params'].get('scope');
if (scope_param != null) {
  scope = scope_param;
}
flowVars['tokenQuery'] = 'access-token?grant_type=client_credentials&scope=' + scope
+ '&client_id=${app.client_id}&client_secret=${app.client_secret}']]></expression-component>
		<https:outbound-endpoint exchange-pattern="request-response"
			host="${oas.host}" port="443" path="#[tokenQuery]"
			method="GET" doc:name="Get Access token"/>
        <logger message="#[message]" level="INFO" doc:name="Logger"/>
        <logger message="#[payload]" level="INFO" doc:name="Logger"/>
        <processor-chain doc:name="Make access_token addressable">
            <object-to-string-transformer doc:name="Object to String"/>
            <json:json-to-object-transformer returnClass="java.util.HashMap" doc:name="JSON to Map"/>
        </processor-chain>
        <logger message="#[&quot;Access token is &quot; + payload.access_token]" level="INFO" doc:name="Logger"/>
        <expression-component doc:name="Expression"><![CDATA[access_token = payload.access_token;
payload = new java.util.HashMap();
payload.put("access_token", access_token);
payload.put("oas_host", "${oas.host}");
payload.put("api_host", "${api.host}");]]></expression-component>
        <logger message="#[payload]" level="INFO" doc:name="Logger"/>
        <message-properties-transformer doc:name="Message Properties">
            <add-message-property key="Content-Type" value="text/html"/>
        </message-properties-transformer>
        <parse-template location="templates/access_token.html" doc:name="access_token.html"/>
    </flow>
</mule>
